Workbook

Sheet ALM 51
A1: Organization | B1: Item | C1: Subinventory | D1: Rev | E1: UOM | F1: Locator | G1: On-hand Qty | H1: Nettable | I1: Reservable | J1: ATP | K1: Organization Name | L1: Item Description | M1: Maximum Weight | N1: Maximum Unit | O1: Weight | P1: Volume | Q1: Maximum Volume | R1: Weight UOM | S1: Volume UOM | T1: Locator Description
A2: OSR | B2: M200295061 | C2: 71MG51ALM | D2: --- | E2: EA | F2: =VLOOKUP(B2,Planilha1!A:E,3,0) -> 2F-3C1 | G2: =VLOOKUP(B2,Planilha1!A:E,4,0) -> 190 | H2: * | I2: * | J2: * | K2: MERITOR BR - FABRICA OSASCO | L2: =VLOOKUP(B2,Planilha1!A:E,5,0) -> PASTILHA T490 LNMT 1306PNTR IC810. (PEDIDO EM ABERTO ISCAR). - LEAD TIME 14 DIAS
A3: OSR | B3: M124106030 | C3: 71MG51ALM | E3: EA | F3: =VLOOKUP(B3,Planilha1!A:E,3,0) -> 10A-7F1 | G3: =VLOOKUP(B3,Planilha1!A:E,4,0) -> 50 | H3: * | I3: * | J3: * | K3: MERITOR BR - FABRICA OSASCO | L3: =VLOOKUP(B3,Planilha1!A:E,5,0) -> PARAFUSO ALLEN C/CABECA CILINDRICA M- 6 X 1
A4: OSR | B4: M200295045 | C4: 71MG51ALM | E4: EA | F4: =VLOOKUP(B4,Planilha1!A:E,3,0) -> 8B-3E2 | G4: =VLOOKUP(B4,Planilha1!A:E,4,0) -> 60 | H4: * | I4: * | J4: * | K4: MERITOR BR - FABRICA OSASCO | L4: =VLOOKUP(B4,Planilha1!A:E,5,0) -> PASTILHA SDMT120408-D51 WKP25S 4 ARESTAS T406 HELLER 14000 - LEAD TIME 15 DIAS
A5: OSR | B5: M412000025 | C5: 71MG51ALM | E5: EA | F5: =VLOOKUP(B5,Planilha1!A:E,3,0) -> 5D-5F | G5: =VLOOKUP(B5,Planilha1!A:E,4,0) -> 90 | H5: * | I5: * | J5: * | K5: MERITOR BR - FABRICA OSASCO | L5: =VLOOKUP(B5,Planilha1!A:E,5,0) -> BICO DE CONTATO CUCRZR 1
A6: OSR | B6: M400000854 | C6: 71MG51ALM | E6: EA | F6: =VLOOKUP(B6,Planilha1!A:E,3,0) -> 19N-2 | G6: =VLOOKUP(B6,Planilha1!A:E,4,0) -> 10 | H6: * | I6: * | J6: * | K6: MERITOR BR - FABRICA OSASCO | L6: =VLOOKUP(B6,Planilha1!A:E,5,0) -> FILTRO PLISSADO PARA TINTA 800MM X 10M
A7: OSR | B7: M411000414 | C7: 71MG51ALM | E7: EA | F7: =VLOOKUP(B7,Planilha1!A:E,3,0) -> 5D-4A1 | G7: =VLOOKUP(B7,Planilha1!A:E,4,0) -> 31 | H7: * | I7: * | J7: * | K7: MERITOR BR - FABRICA OSASCO | L7: =VLOOKUP(B7,Planilha1!A:E,5,0) -> PONTEIRA ROBO DSR CONICA 18MM
A8: OSR | B8: M201000601 | C8: 71MG51ALM | E8: EA | F8: =VLOOKUP(B8,Planilha1!A:E,3,0) -> 6D-3C1 | G8: =VLOOKUP(B8,Planilha1!A:E,4,0) -> 470 | H8: * | I8: * | J8: * | K8: MERITOR BR - FABRICA OSASCO | L8: =VLOOKUP(B8,Planilha1!A:E,5,0) -> PASTILHA CNMM190616-HZ UH 6400. - I003252 - LEAD TIME 25 DIAS (PEDIDO EM ABERTO MITSUBISHI).
A9: OSR | B9: M899000156 | C9: 71MG51ALM | E9: EA | F9: =VLOOKUP(B9,Planilha1!A:E,3,0) -> #N/A | G9: =VLOOKUP(B9,Planilha1!A:E,4,0) -> #N/A | H9: * | I9: * | J9: * | K9: MERITOR BR - FABRICA OSASCO | L9: =VLOOKUP(B9,Planilha1!A:E,5,0) -> #N/A
A10: OSR | B10: M201000138 | C10: 71MG51ALM | E10: EA | F10: =VLOOKUP(B10,Planilha1!A:E,3,0) -> 6F-3B1 | G10: =VLOOKUP(B10,Planilha1!A:E,4,0) -> 340 | H10: * | I10: * | J10: * | K10: MERITOR BR - FABRICA OSASCO | L10: =VLOOKUP(B10,Planilha1!A:E,5,0) -> PASTILHA SNGX 12 05 ZNN-F57 WKK25. (PEDIDO EM ABERTO WALTER). (OBS. FUTURAMENTE SUBSTITUIRA A PASTILHA M201000143). - LEAD TIME 15 DIAS
A11: OSR | B11: M023230060 | C11: 71MG51ALM | E11: EA | F11: =VLOOKUP(B11,Planilha1!A:E,3,0) -> 11C-3B | G11: =VLOOKUP(B11,Planilha1!A:E,4,0) -> 1 | H11: * | I11: * | J11: * | K11: MERITOR BR - FABRICA OSASCO | L11: =VLOOKUP(B11,Planilha1!A:E,5,0) -> CORTADOR SHAVER DES. 23-0060. (PEDIDO EM ABERTO GLEASON).
A12: OSR | B12: M600005002 | C12: 71MG51ALM | E12: EA | F12: =VLOOKUP(B12,Planilha1!A:E,3,0) -> 20-A | G12: =VLOOKUP(B12,Planilha1!A:E,4,0) -> 30 | H12: * | I12: * | J12: * | K12: MERITOR BR - FABRICA OSASCO | L12: =VLOOKUP(B12,Planilha1!A:E,5,0) -> TUBO RADIANTE EM ACO REFRATARIO P/FORNO AICHELIN TIPO KSES - 2 ITENS 732 E 736. (ESTRATEGICO PARA MANUTENCAO).(PEDIDO EM ABERTO CINDAX).
A13: OSR | B13: M410001357 | C13: 71MG51ALM | E13: EA | F13: =VLOOKUP(B13,Planilha1!A:E,3,0) -> 5E-5A2 | G13: =VLOOKUP(B13,Planilha1!A:E,4,0) -> 150 | H13: * | I13: * | J13: * | K13: MERITOR BR - FABRICA OSASCO | L13: =VLOOKUP(B13,Planilha1!A:E,5,0) -> TUBO DE CONTATO M10 1
A14: OSR | B14: M490140000 | C14: 71MG51ALM | E14: EA | F14: =VLOOKUP(B14,Planilha1!A:E,3,0) -> 14B-7B | G14: =VLOOKUP(B14,Planilha1!A:E,4,0) -> 1 | H14: * | I14: * | J14: * | K14: MERITOR BR - FABRICA OSASCO | L14: =VLOOKUP(B14,Planilha1!A:E,5,0) -> PRE-FILTRO CODIGO 4-9710-136 (PEDIDO EM ABERTO DELLBRO).
... A28: OSR | B28: M350003092 | C28: 71MG51ALM | E28: EA | F28: =VLOOKUP(B28,Planilha1!A:E,3,0) -> INFLAMAVEL-27 | G28: =VLOOKUP(B28,Planilha1!A:E,4,0) -> 19 | H28: * | I28: * | J28: * | K28: MERITOR BR - FABRICA OSASCO | L28: =VLOOKUP(B28,Planilha1!A:E,5,0) -> THINNER NATRIELLI 8100 (EMBALAGEM C/ 6 LITROS - PRODUTO QUIMICO). (CONTA CORRETA 95483). (LOTE MINIMO-42 LATAS). (PEDIDO EM ABERTO NATRIELLI QUIMICA).

Sheet Planilha1
A1: Item | B1: Subinventory | C1: Locator | D1: On-hand Qty | E1: Item Description
A2: M190000424 | B2: 71MG51ALM | C2: 8B-8C2 | D2: 2 | E2: BROCA DIA. 10.5X125MM HASTE DE 14MM
A3: M000000050 | B3: 71MG51ALM | C3: 2G-2B | D3: 2 | E3: CONJUNTO DA CORRENTE DE ELEVACAO TORRA PADRAO COD. 90630U709571 - LEAD TIME 20 DIAS
A4: M000000069 | B4: 71MG51ALM | C4: 19J-3 | D4: 1 | E4: DOUBLE ROW TAPERED ROLLER BEARING WITH SPACER. (MACHTOOLS). (ESTRATEGICO PARA MANUTENCAO).
A5: M000000149 | B5: 71MG51ALM | C5: 5F-3C2 | D5: 10 | E5: BACK PARA SOLDA LONGITUDINAL K-04364 DETALHE 22. (PEDIDO EM ABERTO LEMOR).
A6: M000000151 | B6: 71MG51ALM | C6: 5F-3C1 | D6: 8 | E6: BACK PARA SOLDA LONGITUDINAL K-04364 DETALHE 23. (PEDIDO EM ABERTO LEMOR).
A7: M000000164 | B7: 71MG51ALM | C7: 1E-5D2 | D7: 1 | E7: EE-003882-000 - CABO DO SENSOR DE TRINCA - LEAD TIME 30 DIAS
A8: M000000206 | B8: 71MG51ALM | C8: 5D-3E3 | D8: 6 | E8: GATILHO 2-POLOS
A9: M000000207 | B9: 71MG51ALM | C9: 1E-5D1 | D9: 1 | E9: EE-003606-000 - SENSOR ACUSTICO - LEAD TIME 30 DIAS
A10: M000000214 | B10: 71MG51ALM | C10: 1F-6C4 | D10: 8 | E10: SOQUETE SEXTAVADO 1/2 X 1/2 REFERENCIA 19 CODIGO 015055 - GEDORE (JSA/CELMAR/FRATO). (PEDIDO EM ABERTO CRA).
A11: M000000243 | B11: 71MG51ALM | C11: 1F-14E | D11: 6 | E11: 1090024 - SAP2-10 SUPORTE EM ALUMINIO P/10 PASTAS A4R/A3P - LEAD TIME 3 DIAS
A12: M000000263 | B12: 71MG51ALM | C12: 13E-4A | D12: 48 | E12: 1030007 PIA4R-AZ - PASTA ISOFLEX A4 RETRATO AZUL - LEAD TIME 3 DIAS
A13: M000000264 | B13: 71MG51ALM | C13: 1F-12D | D13: 5 | E13: 1090005 - SIP1-05 SUPORTE EM ABS ISOFLEX PARA PASTAS A4R/A3 - LEAD TIME 3 DIAS
... A330: M000181366 | B330: 71MG51ALM | C330: 19H-4 | D330: 1 | E330: REBOLO 18-0051 ZEMA OE-091F-003 - LEAD TIME 90 DIAS
A331: M000181367 | B331: 71MG51ALM | C331: 1.9 | D331: 4 | E331: REBOLO 18-0052 ZEMA OE-091F-004 e 18-0053 ZEMA OE-091F-005 - LEAD TIME 90 DIAS
A332: M000181369 | B332: 71MG51ALM | C332: 19G-3 | D332: 2 | E332: REBOLO 18-0054 ZEMA OE-091F-006 E 18-0055 ZEMA OE-091F-007 - LEAD TIME 90 DIAS
A333: M000181371 | B333: 71MG51ALM | C333: 19L-3 | D333: 2 | E333: REBOLO 18-0056 ZEMA OE-091F-008 e 18-0057 ZEMA OE-091F-009 - LEAD TIME 90 DIAS
A334: M000181373 | B334: 71MG51ALM | C334: 19C-1 | D334: 4 | E334: REBOLO 18-0058 ZEMA OE-091F-010 e 18-0059 ZEMA OE-091F-011 - LEAD TIME 90 DIAS
A335: M000182314 | B335: 71MG51ALM | C335: 19F-3 | D335: 9 | E335: REBOLO DES. 18-2314 (PEDIDO EM ABERTO ALCAR) - LEAD TIME 60 DIAS
A336: M000182385 | B336: 71MG51ALM | C336: 19G-4 | D336: 2 | E336: REBOLO DES. 18-2385 (ALCAR) LEAD TIME 50 DIAS.
A337: M000182396 | B337: 71MG51ALM | C337: 0.19 | D337: 1 | E337: REBOLO ESPECIAL DES. 18-2396 REVISAO "A" - ESPECIFICACAO DA 54.3 K 8 V1CP (JOGO COM DUAS PECAS SENDO: 1 PECA ES 779
A338: M000182397 | B338: 71MG51ALM | C338: 19D-3 | D338: 2 | E338: REBOLO DES. 18-2397 REVISAO B
A339: M000183007 | B339: 71MG51ALM | C339: 14C-3B | D339: 4 | E339: REBOLO 152X 38X 31 DES.18-3007 AA80KSV TIPO CC REVISAO "H" (NORTON
A340: M000183010 | B340: 71MG51ALM | C340: 14C-3A | D340: 23 | E340: REBOLO DES. 18-3010 REVISAO E. (PEDIDO EM ABERTO ABRASAO).
A341: M000184070 | B341: 71MG51ALM | C341: 19L-4 | D341: 2 | E341: REBOLO DES. 18-4070 REVISAO "C" - LEAD TIME 60 DIAS - (CARBORUNDUM
A342: M000184071 | B342: 71MG51ALM | C342: 19H-3 | D342: 4 | E342: REBOLO DES. 18-4071. (CONJUNTO COMPOSTO POR DUAS PECAS). (PEDIDO EM ABERTO ALCAR) - LEAD TIME 60 DIAS
A343: M000184112 | B343: 71MG51ALM | C343: 19G-2 | D343: 1 | E343: REBOLO DES. 18-4112 S/REVIS O (PEDIDO EM ABERTO ALCAR) LEAD TIME 50 DIAS.
A344: M000187003 | B344: 71MG51ALM | C344: 9D-8F2 | D344: 5 | E344: PEDRA K-20 NM-49 DES.18-7003. (PEDIDO EM ABERTO SUNNEN).
A345: M000187004 | B345: 71MG51ALM | C345: 9C-3A1 | D345: 7 | E345: PEDRA R-28 NM-37 DES.18-7004. (PEDIDO EM ABERTO SUNNEN).
A346: M000187005 | B346: 71MG51ALM | C346: 9C-6A1 | D346: 8 | E346: PEDRA R-28 NM-05 DES.18-7005. (PEDIDO EM ABERTO SUNNEN).
A347: M000188001 | B347: 71MG51ALM | C347: 14C-5D | D347: 3 | E347: DISCO DE CORTE DIAMANTADO PARA METAL DURO DESENHO 18-8001. (APOLLO ABRASIVOS).
A348: M000188002 | B348: 71MG51ALM | C348: 1G-6A1 | D348: 5 | E348: DISCO DE CORTE DE METAIS/ACOS - INOX - 115MM X 1
A349: M000303029 | B349: 71MG51ALM | C349: 7C-7C2 | D349: 2 | E349: BROCA MD ESC. 14.50 X 25
... A1077: M090225250 | B1077: 71MG51ALM | C1077: 19P-2B | D1077: 130 | E1077: SACO PLASTICO TRANSPARENTE 220 X 320 X 0
A1078: M095010122 | B1078: 71MG51ALM | C1078: 16A-1AB | D1078: 27.4 | E1078: SACO PLASTICO TRANSPARENTE 150X250X0
A1079: M095010123 | B1079: 71MG51ALM | C1079: 19O-2B | D1079: 165 | E1079: SACO PLASTICO EM POLIETILENO 0
A1080: M095105153 | B1080: 71MG51ALM | C1080: 19L-2 | D1080: 31580 | E1080: SACOS PEBD TRANSPARENTE COM CORDOANEL 20X30 +3 X 0
A1081: M095150250 | B1081: 71MG51ALM | C1081: 19Q-1B | D1081: 195 | E1081: SACO PLASTICO TRANSPARENTE 150 X 250 X 0
A1082: M095840022 | B1082: 71MG51ALM | C1082: 14A-1B | D1082: 1900 | E1082: SACO DE POLIPROPILENO 215X 303 MM C/ TARJA BRANCA LATERAL E 11 FUROS UNIVERSAL. (CONTA CORRETA 95422 / 95423). (PEDIDO EM ABERTO ENVPLAS)
A1083: M097001520 | B1083: 71MG51ALM | C1083: 14A-5D | D1083: 84 | E1083: EXPOSITOR PVC LAMINADO PRETO COM VISOR EM PVC CRISTAL E ILHOS PARA PENDURAR COM ABA DE PROTECAO FORMATO 240 X 335 MM CODIGO 11506440. (PEDIDO EM ABERTO GIMBA).
A1084: M100000300 | B1084: 71MG51ALM | C1084: 2H-10A | D1084: 2 | E1084: ALICATE PORTA ELETRODO P/ 300A DA VESPER OU ELETROMECANICA GIMENEZ. (CONTA CORRETA 95418). (PEDIDO EM ABERTO CRA).
A1085: M100000500 | B1085: 71MG51ALM | C1085: 2H-9E | D1085: 4 | E1085: ALICATE PORTA ELETRODO P/ 500A DA VESPER. (PEDIDO EM ABERTO CRA).
A1086: M100018000 | B1086: 71MG51ALM | C1086: 19O-2A | D1086: 340 | E1086: PINO DE CONTROLE PARA FORNO DE CEMENTACAO DES. TT-18 / LOTE DEVE ACOMPANHAR CERTIFICADO DE QUALIDADE DA MATERIA PRIMA. (MATERIAL ESTRATEGICO PARA O TCM). (PEDIDO EM ABERTO EXPARTS).(CA-1320 PC / CMM-110 PC EM 30/05/16).
A1087: M100100010 | B1087: 71MG51ALM | C1087: 7151 | D1087: 300 | E1087: MACACAO DUPONT PROSHIELD BASIC TAMANHO EXTRA-GRANDE. (BALASKA). (EPI).
A1088: M100100034 | B1088: 71MG51ALM | C1088: 9B-1A | D1088: 95 | E1088: LENTE DE POLICARBONATO PARA FILTRO DE LUZ 9100X INTERNO REFERENCIA 528015 (3 M). (EPI). (PEDIDO EM ABERTO 3M).
A1089: M100100045 | B1089: 71MG51ALM | C1089: 6D-1B | D1089: 2 | E1089: FILTRO DE LUZ 500005 9100 V 3/5/8/9-13 CODIGO HB004064810. (3M). (EPI).
A1090: M100101053 | B1090: 71MG51ALM | C1090: 5F-9A | D1090: 7 | E1090: PALMILHA DE SILICONE LISA - REF. 3101 - TAM. 38/39
A1091: M100101055 | B1091: 71MG51ALM | C1091: 2H-11F | D1091: 3 | E1091: PALMILHA DE SILICONE LISA - REF. 3101 - TAM. 42/43
A1092: M100101056 | B1092: 71MG51ALM | C1092: 2H-11E | D1092: 3 | E1092: PALMILHA DE SILICONE LISA - REF. 3101 - TAM. 44/45
A1093: M100101061 | B1093: 71MG51ALM | C1093: 2G-11F | D1093: 1 | E1093: PALMILHA DE SILICONE PONTO AZUL - REF. 3108 - TAM. 44/45
A1094: M100101062 | B1094: 71MG51ALM | C1094: 2G-11E | D1094: 3 | E1094: CALCANHEIRA EM GEL U ASSIMETRICO SEM ABAS - REF. 3202 - TAM. M
A1095: M100101063 | B1095: 71MG51ALM | C1095: 2G-11D | D1095: 4 | E1095: CALCANHEIRA EM GEL U ASSIMETRICO SEM ABAS - REF. 3202 - TAM. G
A1096: M100101064 | B1096: 71MG51ALM | C1096: 2G-11C | D1096: 2 | E1096: CALCANHEIRA SILICONE PONTO AZUL - REF. 3203 - TAM. M
A1097: M100101065 | B1097: 71MG51ALM | C1097: 5F-9B | D1097: 3 | E1097: CALCANHEIRA SILICONE PONTO AZUL - REF. 3203 - TAM. G
A1098: M100108111 | B1098: 71MG51ALM | C1098: 7151 | D1098: 144 | E1098: LUVA NITRILICA COM PUNHO DE SEGURANCA ESTENDIDO EDGE ANSELL TAMANHO 11. (EPI). (PEDIDO EM ABERTO BALASKA).
A1099: M100110003 | B1099: 71MG51ALM | C1099: 6F-2C | D1099: 1 | E1099: MASCARA SPEED GLAS 9100 SW 501800 CODIGO HB004064802. (3M). (EPI).
A1100: M100110004 | B1100: 71MG51ALM | C1100: 14E-6C | D1100: 3 | E1100: MASCARA DE SOLDA DE AUTOESCURECIMENTO MODELO ADF615S BINZEL - LEAD TIME 14 DIAS
A1101: M100110005 | B1101: 71MG51ALM | C1101: 2F-2B | D1101: 4 | E1101: SUPORTE MASCARA COMPLETO
A1102: M100113000 | B1102: 71MG51ALM | C1102: 7151 | D1102: 5 | E1102: PERNEIRA DE RASPA C/FEIXE DE VELKRON (PROTINCO/ - FORTALEZA). (EPI).
A1103: M100114005 | B1103: 71MG51ALM | C1103: 7151 | D1103: 4 | E1103: PROTETOR FACIAL NR-10 ATPV 16.5CAL/CM3
A1104: M100302058 | B1104: 71MG51ALM | C1104: 10B-5F2 | D1104: 10 | E1104: PINO RS-117 (WALTER)
A1105: M100302059 | B1105: 71MG51ALM | C1105: 10C-3D3 | D1105: 6 | E1105: PINO FP1508 - LEAD TIME 15 DIAS
A1106: M100302060 | B1106: 71MG51ALM | C1106: 10B-5F1 | D1106: 10 | E1106: PINO PARA SUPORTE RS-107 (WALTER) - LEAD TIME 15 DIAS
A1107: M100302061 | B1107: 71MG51ALM | C1107: 10B-4F2 | D1107: 4 | E1107: PINO DE TRACAO C100.50.445 (WALTER)
A1108: M100302062 | B1108: 71MG51ALM | C1108: 8D-5B1 | D1108: 4 | E1108: PINO LLP15 - I006406
A1109: M100401022 | B1109: 71MG51ALM | C1109: 1E-13C | D1109: 1 | E1109: SUPORTE DVJNL2525M16
A1110: M100401024 | B1110: 71MG51ALM | C1110: 6D-7D | D1110: 1 | E1110: SUPORTE WNMG 08 PWLNR2525 M08. (SECO).
A1111: M100401025 | B1111: 71MG51ALM | C1111: 10C-13E | D1111: 1 | E1111: SUPORTE NEUTRO WNMG 08 NT.500.11.03.111943. (SECO).
A1112: M100401027 | B1112: 71MG51ALM | C1112: 8D-6B1 | D1112: 2 | E1112: SUPORTE DIREITO DDJNL2525M15-M (SECO)
A1113: M100401028 | B1113: 71MG51ALM | C1113: 10B- 4A1 | D1113: 2 | E1113: SUPORTE W1011-2525R-WL25-P MURATEC - LEAD TIME 15 DIAS
A1114: M100401060 | B1114: 71MG51ALM | C1114: 10B-6D2 | D1114: 20 | E1114: PARAF. P/ CALCO VBMT16(WALTER)
A1115: M100401061 | B1115: 71MG51ALM | C1115: 10D-8E4 | D1115: 10 | E1115: PARAF. P/ INSERTO VBMT16(WALTER)
... A1241: M114302002 | B1241: 71MG51ALM | C1241: 2F-7F5 | D1241: 7 | E1241: ENGRENAGEM DO DIAMANTADOR DA AFIADORA DE SHAVERS MICHIGAN MOD. T-567 DES.143-02 DET. 2
A1242: M114901216 | B1242: 71MG51ALM | C1242: 7151 | D1242: 1500 | E1242: PROTECAO VERDE DA ROSCA DA CARCACA FUNDIDA - LEAD TIME 21 DIAS
A1243: M114901217 | B1243: 71MG51ALM | C1243: 7151 | D1243: 940 | E1243: PROTECAO VERMELHA DA ROSCA DA CARCACA DE EXTENSAO FINA - LEAD TIME 7 DIAS
A1244: M117020000 | B1244: 71MG51ALM | C1244: 2F-13C | D1244: 2 | E1244: BOIA P/CAIXA D'AGUA C/ROSCA MACHO DE 3/4" C/FLUTUADOR DE COBRE OU LATAO. (CONTA CORRETA 95482).
A1245: M121011033 | B1245: 71MG51ALM | C1245: 7D-3F2 | D1245: 10 | E1245: ESPIGAO MACHO ROSCA 3/8 NPT
A1246: M121100071 | B1246: 71MG51ALM | C1246: 7D-4C1 | D1246: 13 | E1246: PARAFUSO ALLEN C/CABECA CILINDRICA M - 8X1
A1247: M121100072 | B1247: 71MG51ALM | C1247: 10A-5C2 | D1247: 30 | E1247: PARAFUSO ALLEN C/CABECA CILINDRICA M - 8X1
A1248: M121100073 | B1248: 71MG51ALM | C1248: 5F-5A2 | D1248: 80 | E1248: PARAFUSO ALLEN CABECA CILINDRICA - M5X0
A1249: M121100074 | B1249: 71MG51ALM | C1249: 2F-12F | D1249: 78 | E1249: PARAFUSO ALLEN C/C 6X35 - PARA ATENDER NECESSIDADES DAS LINHAS DA CARCA A
A1250: M121100075 | B1250: 71MG51ALM | C1250: 2F-8F3 | D1250: 20 | E1250: PARAFUSO ALLEN COM CABECA CILINDRICA M8 X 80
A1251: M121100076 | B1251: 71MG51ALM | C1251: 10A-4E2 | D1251: 10 | E1251: PARAFUSO ALLEN C/CABECA CILINDRICA M-10 X 1.50 X 90 MM NORMA DIN 912 TELLEP
A1252: M121100077 | B1252: 71MG51ALM | C1252: 8C-8E2 | D1252: 10 | E1252: PARAFUSO ALLEN ABAULADO 4X8
A1253: M121112060 | B1253: 71MG51ALM | C1253: 10A-6C3 | D1253: 2 | E1253: PARAFUSO ALLEN C/CABECA CILINDRICA (0604) 3/16" X 1/2" 24 UNC NORMA ANSI B18.3 TELLEP
A1254: M121116050 | B1254: 71MG51ALM | C1254: 10A-8E3 | D1254: 3 | E1254: PARAFUSO ALLEN C/CABECA CILINDRICA (0803) 1/4" X 3/8" 20 UNC NORMA ANSI B18.3 TELLEP
A1255: M121116100 | B1255: 71MG51ALM | C1255: 7D-6F3 | D1255: 20 | E1255: PARAFUSO ALLEN C/CABECA CILINDRICA (0808) 1/4" X 1" 20 UNC NORMA ANSI B18.3 TELLEP
... A1332: M190000032 | B1332: 71MG51ALM | C1332: 7151/ | D1332: 500 | E1332: PROTECAO ROXA CARCACA FUNDIDA HUB - LEAD TIME 20 DIAS
A1333: M190000035 | B1333: 71MG51ALM | C1333: 7151 | D1333: 400 | E1333: PROTECAO ROSA PARA CARCACINHA PHEVOS - LEAD TIME 20 DIAS
A1334: M190000038 | B1334: 71MG51ALM | C1334: 7151 | D1334: 166 | E1334: SEPARADOR DE MADEIRA PARA CESTO GRANDE 910 X 600 X 10 MM EMB-358
A1335: M190000041 | B1335: 71MG51ALM | C1335: 7151/ | D1335: 400 | E1335: PROTECAO AMARELA PARA CARCACINHA MS-15-124 - LEAD TIME 20 DIAS
A1336: M190000378 | B1336: 71MG51ALM | C1336: 1E-5B2 | D1336: 3 | E1336: BATERIA 30V E 5AH - 4211550032 (BATERIA P/ APERTADEIRA ELETR NICA SEM FO ATLAS COPCO)
A1337: M190000381 | B1337: 71MG51ALM | C1337: 6F-4A2 | D1337: 5 | E1337: PASTILHA MX22-4E-AG60 WSM33G
A1338: M190000382 | B1338: 71MG51ALM | C1338: 10C-5F4 | D1338: 10 | E1338: PARAFUSO FS2571
A1339: M190000383 | B1339: 71MG51ALM | C1339: 19G-1B | D1339: 524 | E1339: HOUGHTO CLEAN 5630
A1340: M190000384 | B1340: 71MG51ALM | C1340: 1G-11B | D1340: 1 | E1340: FRESA DIA. 100 PONTA ESFERICA COD. M5468-100-B32-06-10
A1341: M190000385 | B1341: 71MG51ALM | C1341: 10C-5F5 | D1341: 10 | E1341: PARAFUSO FS2614
A1342: M190000386 | B1342: 71MG51ALM | C1342: 10D-5A3 | D1342: 2 | E1342: BROCA PARALELA DIA. 16MM DCN 160-048-20R-3D
A1343: M190000387 | B1343: 71MG51ALM | C1343: 8B-4F2 | D1343: 1 | E1343: SUPORTE PCMNN 2525M16 D10NH-8811703
A1344: M190000389 | B1344: 71MG51ALM | C1344: 8C-6C2 | D1344: 30 | E1344: PASTILHA DNMG150612-MH UE6105 INSERTO MD CVD
...
